fpr,tpr,fold
0.0,0.0,fold1
0.0,0.0014471780028943561,fold1
0.0,0.013024602026049204,fold1
0.0,0.015918958031837915,fold1
0.0,0.02315484804630969,fold1
0.0,0.02604920405209841,fold1
0.0,0.027496382054992764,fold1
0.0,0.03039073806078148,fold1
0.0,0.03183791606367583,fold1
0.0,0.03473227206946455,fold1
0.0,0.03907380607814761,fold1
0.0,0.041968162083936326,fold1
0.0,0.07670043415340087,fold1
0.0,0.07959479015918958,fold1
0.0,0.09261939218523878,fold1
0.0,0.0955137481910275,fold1
0.0,0.12156295224312592,fold1
0.0,0.1244573082489146,fold1
0.0,0.14327062228654125,fold1
0.0,0.14616497829232994,fold1
0.0,0.2098408104196816,fold1
0.0,0.21273516642547036,fold1
0.0,0.2272069464544139,fold1
0.0,0.2301013024602026,fold1
0.0,0.5643994211287988,fold1
0.0014903129657228018,0.5643994211287988,fold1
0.0014903129657228018,0.6063675832127352,fold1
0.002980625931445604,0.6063675832127352,fold1
0.002980625931445604,0.6758321273516642,fold1
0.0044709388971684045,0.6758321273516642,fold1
0.0044709388971684045,0.6801736613603473,fold1
0.005961251862891207,0.6801736613603473,fold1
0.005961251862891207,0.6903039073806078,fold1
0.00745156482861401,0.6903039073806078,fold1
0.00745156482861401,0.8335745296671491,fold1
0.008941877794336809,0.8335745296671491,fold1
0.008941877794336809,0.8350217076700435,fold1
0.010432190760059612,0.8350217076700435,fold1
0.010432190760059612,0.8379160636758322,fold1
0.011922503725782414,0.8379160636758322,fold1
0.011922503725782414,0.8654124457308249,fold1
0.013412816691505215,0.8654124457308249,fold1
0.013412816691505215,0.8683068017366136,fold1
0.01490312965722802,0.8683068017366136,fold1
0.01490312965722802,0.8798842257597684,fold1
0.016393442622950817,0.8798842257597684,fold1
0.016393442622950817,0.8842257597684515,fold1
0.017883755588673618,0.8842257597684515,fold1
0.017883755588673618,0.8885672937771346,fold1
0.019374068554396426,0.8885672937771346,fold1
0.019374068554396426,0.8929088277858177,fold1
0.020864381520119227,0.8929088277858177,fold1
0.020864381520119227,0.8972503617945007,fold1
0.025335320417287633,0.8972503617945007,fold1
0.025335320417287633,0.8986975397973951,fold1
0.02831594634873324,0.8986975397973951,fold1
0.02831594634873324,0.9044862518089724,fold1
0.02980625931445604,0.9044862518089724,fold1
0.02980625931445604,0.9059334298118668,fold1
0.03129657228017884,0.9059334298118668,fold1
0.03129657228017884,0.9073806078147612,fold1
0.032786885245901634,0.9073806078147612,fold1
0.032786885245901634,0.9088277858176556,fold1
0.034277198211624435,0.9088277858176556,fold1
0.034277198211624435,0.9131693198263386,fold1
0.035767511177347236,0.9131693198263386,fold1
0.035767511177347236,0.9146164978292329,fold1
0.03725782414307005,0.9146164978292329,fold1
0.03725782414307005,0.9218523878437048,fold1
0.03874813710879285,0.9218523878437048,fold1
0.03874813710879285,0.9247467438494936,fold1
0.04321907600596125,0.9247467438494936,fold1
0.04321907600596125,0.9305354558610708,fold1
0.046199701937406856,0.9305354558610708,fold1
0.046199701937406856,0.9377713458755428,fold1
0.05365126676602087,0.9377713458755428,fold1
0.05365126676602087,0.9435600578871202,fold1
0.05514157973174367,0.9435600578871202,fold1
0.05514157973174367,0.9479015918958033,fold1
0.05961251862891208,0.9479015918958033,fold1
0.05961251862891208,0.9522431259044862,fold1
0.06855439642324887,0.9522431259044862,fold1
0.06855439642324887,0.9551374819102748,fold1
0.07004470938897167,0.9551374819102748,fold1
0.07004470938897167,0.9565846599131692,fold1
0.07153502235469449,0.9565846599131692,fold1
0.07153502235469449,0.9580318379160636,fold1
0.07302533532041729,0.9580318379160636,fold1
0.07302533532041729,0.959479015918958,fold1
0.07898658718330849,0.959479015918958,fold1
0.07898658718330849,0.9609261939218524,fold1
0.08047690014903129,0.9609261939218524,fold1
0.08047690014903129,0.9623733719247468,fold1
0.08643815201192251,0.9623733719247468,fold1
0.08643815201192251,0.9638205499276412,fold1
0.08792846497764531,0.9638205499276412,fold1
0.08792846497764531,0.9652677279305356,fold1
0.09090909090909093,0.9652677279305356,fold1
0.09090909090909093,0.9667149059334298,fold1
0.09538002980625933,0.9667149059334298,fold1
0.09538002980625933,0.9696092619392184,fold1
0.11028315946348734,0.9696092619392184,fold1
0.11028315946348734,0.9710564399421128,fold1
0.14157973174366614,0.9710564399421128,fold1
0.14157973174366614,0.9725036179450072,fold1
0.15499254843517138,0.9725036179450072,fold1
0.15499254843517138,0.9753979739507959,fold1
0.16095380029806258,0.9753979739507959,fold1
0.16095380029806258,0.9768451519536904,fold1
0.165424739195231,0.9768451519536904,fold1
0.165424739195231,0.9782923299565848,fold1
0.16989567809239942,0.9782923299565848,fold1
0.16989567809239942,0.9811866859623734,fold1
0.22503725782414308,0.9811866859623734,fold1
0.22503725782414308,0.9826338639652678,fold1
0.2533532041728763,0.9826338639652678,fold1
0.2533532041728763,0.984081041968162,fold1
0.27719821162444114,0.984081041968162,fold1
0.27719821162444114,0.9855282199710564,fold1
0.29210134128166915,0.9855282199710564,fold1
0.29210134128166915,0.9884225759768452,fold1
0.29508196721311475,0.9884225759768452,fold1
0.29508196721311475,0.9898697539797396,fold1
0.29806259314456035,0.9898697539797396,fold1
0.29806259314456035,0.9913169319826338,fold1
0.3204172876304024,0.9913169319826338,fold1
0.3204172876304024,0.9927641099855282,fold1
0.3278688524590164,0.9927641099855282,fold1
0.3278688524590164,0.9942112879884226,fold1
0.3830104321907601,0.9942112879884226,fold1
0.3830104321907601,0.9956584659913168,fold1
0.4992548435171386,0.9956584659913168,fold1
0.4992548435171386,0.9971056439942112,fold1
0.7719821162444114,0.9971056439942112,fold1
0.7719821162444114,0.9985528219971056,fold1
0.9120715350223548,0.9985528219971056,fold1
0.9120715350223548,1.0,fold1
1.0,1.0,fold1
0.0,0.0,fold2
0.0,0.0014471780028943561,fold2
0.0,0.0057887120115774245,fold2
0.0,0.008683068017366137,fold2
0.0,0.01447178002894356,fold2
0.0,0.017366136034732273,fold2
0.0,0.018813314037626632,fold2
0.0,0.02170767004341534,fold2
0.0,0.02894356005788712,fold2
0.0,0.03183791606367583,fold2
0.0,0.0361794500723589,fold2
0.0,0.03907380607814761,fold2
0.0,0.053545586107091175,fold2
0.0,0.056439942112879886,fold2
0.0,0.06078147612156296,fold2
0.0,0.06367583212735166,fold2
0.0,0.06657018813314038,fold2
0.0,0.0694645441389291,fold2
0.0,0.0824891461649783,fold2
0.0,0.085383502170767,fold2
0.0,0.08683068017366136,fold2
0.0,0.08972503617945007,fold2
0.0,0.09696092619392184,fold2
0.0,0.09985528219971056,fold2
0.0,0.3096960926193922,fold2
0.0,0.3125904486251809,fold2
0.0,0.34442836468885674,fold2
0.0,0.3473227206946454,fold2
0.0,0.3733719247467439,fold2
0.0014903129657228018,0.3733719247467439,fold2
0.0014903129657228018,0.4182344428364689,fold2
0.002980625931445604,0.4182344428364689,fold2
0.002980625931445604,0.7452966714905933,fold2
0.0044709388971684045,0.7452966714905933,fold2
0.0044709388971684045,0.7481910274963821,fold2
0.005961251862891207,0.7481910274963821,fold2
0.005961251862891207,0.7525325615050651,fold2
0.00745156482861401,0.7525325615050651,fold2
0.00745156482861401,0.7583212735166426,fold2
0.008941877794336809,0.7583212735166426,fold2
0.008941877794336809,0.7988422575976846,fold2
0.010432190760059612,0.7988422575976846,fold2
0.010432190760059612,0.8104196816208393,fold2
0.013412816691505215,0.8104196816208393,fold2
0.013412816691505215,0.8118668596237337,fold2
0.01490312965722802,0.8118668596237337,fold2
0.01490312965722802,0.8147612156295224,fold2
0.017883755588673618,0.8147612156295224,fold2
0.017883755588673618,0.8176555716353111,fold2
0.022354694485842028,0.8176555716353111,fold2
0.022354694485842028,0.8422575976845152,fold2
0.026825633383010437,0.8422575976845152,fold2
0.026825633383010437,0.8726483357452967,fold2
0.02831594634873324,0.8726483357452967,fold2
0.02831594634873324,0.8740955137481908,fold2
0.02980625931445604,0.8740955137481908,fold2
0.02980625931445604,0.8755426917510853,fold2
0.03129657228017884,0.8755426917510853,fold2
0.03129657228017884,0.8769898697539797,fold2
0.032786885245901634,0.8769898697539797,fold2
0.032786885245901634,0.8798842257597684,fold2
0.034277198211624435,0.8798842257597684,fold2
0.034277198211624435,0.8813314037626628,fold2
0.035767511177347236,0.8813314037626628,fold2
0.035767511177347236,0.8943560057887121,fold2
0.03725782414307005,0.8943560057887121,fold2
0.03725782414307005,0.8972503617945007,fold2
0.03874813710879285,0.8972503617945007,fold2
0.03874813710879285,0.9015918958031838,fold2
0.04023845007451565,0.9015918958031838,fold2
0.04023845007451565,0.9030390738060782,fold2
0.04172876304023845,0.9030390738060782,fold2
0.04172876304023845,0.9044862518089724,fold2
0.04321907600596125,0.9044862518089724,fold2
0.04321907600596125,0.9073806078147612,fold2
0.047690014903129664,0.9073806078147612,fold2
0.047690014903129664,0.91027496382055,fold2
0.050670640834575266,0.91027496382055,fold2
0.050670640834575266,0.9160636758321272,fold2
0.05514157973174367,0.9160636758321272,fold2
0.05514157973174367,0.9189580318379159,fold2
0.05663189269746648,0.9189580318379159,fold2
0.05663189269746648,0.9232995658465992,fold2
0.05812220566318928,0.9232995658465992,fold2
0.05812220566318928,0.9261939218523878,fold2
0.05961251862891208,0.9261939218523878,fold2
0.05961251862891208,0.9276410998552822,fold2
0.06259314456035768,0.9276410998552822,fold2
0.06259314456035768,0.9290882778581766,fold2
0.06557377049180327,0.9290882778581766,fold2
0.06557377049180327,0.9305354558610708,fold2
0.06706408345752607,0.9305354558610708,fold2
0.06706408345752607,0.9334298118668596,fold2
0.06855439642324887,0.9334298118668596,fold2
0.06855439642324887,0.9377713458755428,fold2
0.07153502235469449,0.9377713458755428,fold2
0.07153502235469449,0.9392185238784372,fold2
0.07451564828614009,0.9392185238784372,fold2
0.07451564828614009,0.9435600578871202,fold2
0.07749627421758569,0.9435600578871202,fold2
0.07749627421758569,0.9464544138929089,fold2
0.08792846497764531,0.9464544138929089,fold2
0.08792846497764531,0.9493487698986977,fold2
0.09687034277198213,0.9493487698986977,fold2
0.09687034277198213,0.950795947901592,fold2
0.10134128166915053,0.950795947901592,fold2
0.10134128166915053,0.9522431259044862,fold2
0.10283159463487332,0.9522431259044862,fold2
0.10283159463487332,0.9551374819102748,fold2
0.11177347242921014,0.9551374819102748,fold2
0.11177347242921014,0.9565846599131692,fold2
0.11475409836065575,0.9565846599131692,fold2
0.11475409836065575,0.9609261939218524,fold2
0.11624441132637856,0.9609261939218524,fold2
0.11624441132637856,0.9623733719247468,fold2
0.11773472429210136,0.9623733719247468,fold2
0.11773472429210136,0.9652677279305356,fold2
0.12816691505216096,0.9652677279305356,fold2
0.12816691505216096,0.9667149059334298,fold2
0.13710879284649774,0.9667149059334298,fold2
0.13710879284649774,0.9681620839363242,fold2
0.13859910581222054,0.9681620839363242,fold2
0.13859910581222054,0.9696092619392184,fold2
0.14903129657228018,0.9696092619392184,fold2
0.14903129657228018,0.9710564399421128,fold2
0.15350223546944858,0.9710564399421128,fold2
0.15350223546944858,0.9725036179450072,fold2
0.15499254843517138,0.9725036179450072,fold2
0.15499254843517138,0.9739507959479016,fold2
0.15648286140089418,0.9739507959479016,fold2
0.15648286140089418,0.9753979739507959,fold2
0.18330849478390465,0.9753979739507959,fold2
0.18330849478390465,0.9768451519536904,fold2
0.19970193740685546,0.9768451519536904,fold2
0.19970193740685546,0.9782923299565848,fold2
0.21907600596125187,0.9782923299565848,fold2
0.21907600596125187,0.9797395079594792,fold2
0.2384500745156483,0.9797395079594792,fold2
0.2384500745156483,0.9811866859623734,fold2
0.2429210134128167,0.9811866859623734,fold2
0.2429210134128167,0.9826338639652678,fold2
0.26527570789865873,0.9826338639652678,fold2
0.26527570789865873,0.984081041968162,fold2
0.2697466467958271,0.984081041968162,fold2
0.2697466467958271,0.9855282199710564,fold2
0.2906110283159464,0.9855282199710564,fold2
0.2906110283159464,0.9869753979739508,fold2
0.3174366616989568,0.9869753979739508,fold2
0.3174366616989568,0.9884225759768452,fold2
0.4083457526080477,0.9884225759768452,fold2
0.4083457526080477,0.9898697539797396,fold2
0.4202682563338301,0.9898697539797396,fold2
0.4202682563338301,0.9913169319826338,fold2
0.4858420268256334,0.9913169319826338,fold2
0.4858420268256334,0.9927641099855282,fold2
0.4873323397913562,0.9927641099855282,fold2
0.4873323397913562,0.9942112879884226,fold2
0.5931445603576752,0.9942112879884226,fold2
0.5931445603576752,0.9956584659913168,fold2
0.6140089418777943,0.9956584659913168,fold2
0.6140089418777943,0.9971056439942112,fold2
0.7809239940387481,0.9971056439942112,fold2
0.7809239940387481,0.9985528219971056,fold2
0.8047690014903129,0.9985528219971056,fold2
0.8047690014903129,1.0,fold2
1.0,1.0,fold2
0.0,0.0,fold3
0.0,0.0014471780028943561,fold3
0.0,0.0955137481910275,fold3
0.0,0.0984081041968162,fold3
0.0,0.22575976845151954,fold3
0.0,0.22865412445730826,fold3
0.0,0.2329956584659913,fold3
0.0014903129657228018,0.2329956584659913,fold3
0.0014903129657228018,0.4442836468885673,fold3
0.002980625931445604,0.4442836468885673,fold3
0.002980625931445604,0.4529667149059334,fold3
0.0044709388971684045,0.4529667149059334,fold3
0.0044709388971684045,0.4659913169319826,fold3
0.005961251862891207,0.4659913169319826,fold3
0.005961251862891207,0.6280752532561505,fold3
0.00745156482861401,0.6280752532561505,fold3
0.00745156482861401,0.6468885672937771,fold3
0.008941877794336809,0.6468885672937771,fold3
0.008941877794336809,0.6497829232995659,fold3
0.010432190760059612,0.6497829232995659,fold3
0.010432190760059612,0.6541244573082489,fold3
0.013412816691505215,0.6541244573082489,fold3
0.013412816691505215,0.6555716353111433,fold3
0.01490312965722802,0.6555716353111433,fold3
0.01490312965722802,0.7221418234442837,fold3
0.016393442622950817,0.7221418234442837,fold3
0.016393442622950817,0.7279305354558611,fold3
0.017883755588673618,0.7279305354558611,fold3
0.017883755588673618,0.7452966714905933,fold3
0.019374068554396426,0.7452966714905933,fold3
0.019374068554396426,0.7698986975397974,fold3
0.020864381520119227,0.7698986975397974,fold3
0.020864381520119227,0.829232995658466,fold3
0.022354694485842028,0.829232995658466,fold3
0.022354694485842028,0.8321273516642547,fold3
0.025335320417287633,0.8321273516642547,fold3
0.025335320417287633,0.8350217076700435,fold3
0.02831594634873324,0.8350217076700435,fold3
0.02831594634873324,0.8379160636758322,fold3
0.02980625931445604,0.8379160636758322,fold3
0.02980625931445604,0.8494934876989871,fold3
0.03129657228017884,0.8494934876989871,fold3
0.03129657228017884,0.8625180897250362,fold3
0.034277198211624435,0.8625180897250362,fold3
0.034277198211624435,0.8726483357452967,fold3
0.03725782414307005,0.8726483357452967,fold3
0.03725782414307005,0.8755426917510853,fold3
0.04321907600596125,0.8755426917510853,fold3
0.04321907600596125,0.8827785817655571,fold3
0.044709388971684055,0.8827785817655571,fold3
0.044709388971684055,0.8842257597684515,fold3
0.047690014903129664,0.8842257597684515,fold3
0.047690014903129664,0.8885672937771346,fold3
0.049180327868852465,0.8885672937771346,fold3
0.049180327868852465,0.8900144717800289,fold3
0.05365126676602087,0.8900144717800289,fold3
0.05365126676602087,0.8914616497829233,fold3
0.05514157973174367,0.8914616497829233,fold3
0.05514157973174367,0.8986975397973951,fold3
0.05961251862891208,0.8986975397973951,fold3
0.05961251862891208,0.9073806078147612,fold3
0.06110283159463487,0.9073806078147612,fold3
0.06110283159463487,0.9146164978292329,fold3
0.06408345752608048,0.9146164978292329,fold3
0.06408345752608048,0.9160636758321272,fold3
0.06706408345752607,0.9160636758321272,fold3
0.06706408345752607,0.9175108538350216,fold3
0.06855439642324887,0.9175108538350216,fold3
0.06855439642324887,0.9247467438494936,fold3
0.07153502235469449,0.9247467438494936,fold3
0.07153502235469449,0.9261939218523878,fold3
0.07302533532041729,0.9261939218523878,fold3
0.07302533532041729,0.9276410998552822,fold3
0.07749627421758569,0.9276410998552822,fold3
0.07749627421758569,0.9305354558610708,fold3
0.08196721311475409,0.9305354558610708,fold3
0.08196721311475409,0.9319826338639652,fold3
0.08345752608047691,0.9319826338639652,fold3
0.08345752608047691,0.9334298118668596,fold3
0.08494783904619971,0.9334298118668596,fold3
0.08494783904619971,0.9363241678726484,fold3
0.09388971684053653,0.9363241678726484,fold3
0.09388971684053653,0.9377713458755428,fold3
0.09687034277198213,0.9377713458755428,fold3
0.09687034277198213,0.9392185238784372,fold3
0.09985096870342773,0.9392185238784372,fold3
0.09985096870342773,0.9406657018813314,fold3
0.10134128166915053,0.9406657018813314,fold3
0.10134128166915053,0.9435600578871202,fold3
0.10283159463487332,0.9435600578871202,fold3
0.10283159463487332,0.9450072358900145,fold3
0.10730253353204174,0.9450072358900145,fold3
0.10730253353204174,0.9464544138929089,fold3
0.11177347242921014,0.9464544138929089,fold3
0.11177347242921014,0.9479015918958033,fold3
0.12518628912071536,0.9479015918958033,fold3
0.12518628912071536,0.9522431259044862,fold3
0.14605067064083455,0.9522431259044862,fold3
0.14605067064083455,0.9536903039073806,fold3
0.15201192250372578,0.9536903039073806,fold3
0.15201192250372578,0.9551374819102748,fold3
0.16095380029806258,0.9551374819102748,fold3
0.16095380029806258,0.9565846599131692,fold3
0.16989567809239942,0.9565846599131692,fold3
0.16989567809239942,0.9580318379160636,fold3
0.17138599105812222,0.9580318379160636,fold3
0.17138599105812222,0.959479015918958,fold3
0.17287630402384502,0.959479015918958,fold3
0.17287630402384502,0.9609261939218524,fold3
0.18032786885245905,0.9609261939218524,fold3
0.18032786885245905,0.9638205499276412,fold3
0.18330849478390465,0.9638205499276412,fold3
0.18330849478390465,0.9652677279305356,fold3
0.19225037257824146,0.9652677279305356,fold3
0.19225037257824146,0.9667149059334298,fold3
0.19523099850968706,0.9667149059334298,fold3
0.19523099850968706,0.9681620839363242,fold3
0.19970193740685546,0.9681620839363242,fold3
0.19970193740685546,0.9696092619392184,fold3
0.21013412816691504,0.9696092619392184,fold3
0.21013412816691504,0.9710564399421128,fold3
0.21162444113263784,0.9710564399421128,fold3
0.21162444113263784,0.9725036179450072,fold3
0.21460506706408347,0.9725036179450072,fold3
0.21460506706408347,0.9739507959479016,fold3
0.22503725782414308,0.9739507959479016,fold3
0.22503725782414308,0.9753979739507959,fold3
0.2265275707898659,0.9753979739507959,fold3
0.2265275707898659,0.9768451519536904,fold3
0.2295081967213115,0.9768451519536904,fold3
0.2295081967213115,0.9782923299565848,fold3
0.2384500745156483,0.9782923299565848,fold3
0.2384500745156483,0.9797395079594792,fold3
0.2473919523099851,0.9797395079594792,fold3
0.2473919523099851,0.9811866859623734,fold3
0.2503725782414307,0.9811866859623734,fold3
0.2503725782414307,0.9826338639652678,fold3
0.28912071535022354,0.9826338639652678,fold3
0.28912071535022354,0.984081041968162,fold3
0.3055141579731744,0.984081041968162,fold3
0.3055141579731744,0.9855282199710564,fold3
0.33681073025335323,0.9855282199710564,fold3
0.33681073025335323,0.9884225759768452,fold3
0.3502235469448584,0.9884225759768452,fold3
0.3502235469448584,0.9898697539797396,fold3
0.368107302533532,0.9898697539797396,fold3
0.368107302533532,0.9913169319826338,fold3
0.3770491803278688,0.9913169319826338,fold3
0.3770491803278688,0.9927641099855282,fold3
0.3889716840536513,0.9927641099855282,fold3
0.3889716840536513,0.9942112879884226,fold3
0.4172876304023845,0.9942112879884226,fold3
0.4172876304023845,0.9956584659913168,fold3
0.466467958271237,0.9956584659913168,fold3
0.466467958271237,0.9971056439942112,fold3
0.5216095380029806,0.9971056439942112,fold3
0.5216095380029806,0.9985528219971056,fold3
0.7511177347242921,0.9985528219971056,fold3
0.7511177347242921,1.0,fold3
1.0,1.0,fold3
0.0,0.0,fold4
0.0,0.00723589001447178,fold4
0.0,0.020260492040520984,fold4
0.0,0.02315484804630969,fold4
0.0,0.027496382054992764,fold4
0.0,0.041968162083936326,fold4
0.0,0.04775687409551375,fold4
0.0,0.050651230101302465,fold4
0.0,0.054992764109985534,fold4
0.0,0.0593342981186686,fold4
0.0,0.06657018813314038,fold4
0.0,0.07091172214182344,fold4
0.0,0.07380607814761216,fold4
0.0,0.07959479015918958,fold4
0.0,0.08393632416787265,fold4
0.0,0.08972503617945007,fold4
0.0,0.10274963820549927,fold4
0.0,0.105643994211288,fold4
0.0,0.1287988422575977,fold4
0.0,0.1316931982633864,fold4
0.0,0.1374819102749638,fold4
0.0,0.14037626628075253,fold4
0.0,0.16208393632416787,fold4
0.0,0.1649782923299566,fold4
0.0,0.1968162083936324,fold4
0.0,0.19971056439942114,fold4
0.0,0.2272069464544139,fold4
0.0,0.2301013024602026,fold4
0.0,0.5542691751085383,fold4
0.0014903129657228018,0.5542691751085383,fold4
0.0014903129657228018,0.5643994211287988,fold4
0.002980625931445604,0.5643994211287988,fold4
0.002980625931445604,0.638205499276411,fold4
0.0044709388971684045,0.638205499276411,fold4
0.0044709388971684045,0.6946454413892909,fold4
0.005961251862891207,0.6946454413892909,fold4
0.005961251862891207,0.7583212735166426,fold4
0.00745156482861401,0.7583212735166426,fold4
0.00745156482861401,0.7612156295224313,fold4
0.008941877794336809,0.7612156295224313,fold4
0.008941877794336809,0.7684515195369029,fold4
0.010432190760059612,0.7684515195369029,fold4
0.010432190760059612,0.7756874095513748,fold4
0.011922503725782414,0.7756874095513748,fold4
0.011922503725782414,0.7988422575976846,fold4
0.013412816691505215,0.7988422575976846,fold4
0.013412816691505215,0.8451519536903039,fold4
0.016393442622950817,0.8451519536903039,fold4
0.016393442622950817,0.8465991316931982,fold4
0.017883755588673618,0.8465991316931982,fold4
0.017883755588673618,0.8494934876989871,fold4
0.019374068554396426,0.8494934876989871,fold4
0.019374068554396426,0.8610709117221418,fold4
0.020864381520119227,0.8610709117221418,fold4
0.020864381520119227,0.8639652677279306,fold4
0.022354694485842028,0.8639652677279306,fold4
0.022354694485842028,0.8755426917510853,fold4
0.023845007451564832,0.8755426917510853,fold4
0.023845007451564832,0.8769898697539797,fold4
0.025335320417287633,0.8769898697539797,fold4
0.025335320417287633,0.8972503617945007,fold4
0.026825633383010437,0.8972503617945007,fold4
0.026825633383010437,0.9001447178002895,fold4
0.02831594634873324,0.9001447178002895,fold4
0.02831594634873324,0.9015918958031838,fold4
0.03129657228017884,0.9015918958031838,fold4
0.03129657228017884,0.9044862518089724,fold4
0.034277198211624435,0.9044862518089724,fold4
0.034277198211624435,0.9073806078147612,fold4
0.035767511177347236,0.9073806078147612,fold4
0.035767511177347236,0.91027496382055,fold4
0.03874813710879285,0.91027496382055,fold4
0.03874813710879285,0.9117221418234442,fold4
0.04023845007451565,0.9117221418234442,fold4
0.04023845007451565,0.9146164978292329,fold4
0.04321907600596125,0.9146164978292329,fold4
0.04321907600596125,0.9160636758321272,fold4
0.049180327868852465,0.9160636758321272,fold4
0.049180327868852465,0.9232995658465992,fold4
0.05216095380029806,0.9232995658465992,fold4
0.05216095380029806,0.9276410998552822,fold4
0.05514157973174367,0.9276410998552822,fold4
0.05514157973174367,0.9305354558610708,fold4
0.05961251862891208,0.9305354558610708,fold4
0.05961251862891208,0.9334298118668596,fold4
0.06110283159463487,0.9334298118668596,fold4
0.06110283159463487,0.9363241678726484,fold4
0.06408345752608048,0.9363241678726484,fold4
0.06408345752608048,0.9377713458755428,fold4
0.06855439642324887,0.9377713458755428,fold4
0.06855439642324887,0.9392185238784372,fold4
0.07004470938897167,0.9392185238784372,fold4
0.07004470938897167,0.9406657018813314,fold4
0.07302533532041729,0.9406657018813314,fold4
0.07302533532041729,0.9493487698986977,fold4
0.08047690014903129,0.9493487698986977,fold4
0.08047690014903129,0.9522431259044862,fold4
0.08643815201192251,0.9522431259044862,fold4
0.08643815201192251,0.9580318379160636,fold4
0.08792846497764531,0.9580318379160636,fold4
0.08792846497764531,0.959479015918958,fold4
0.08941877794336811,0.959479015918958,fold4
0.08941877794336811,0.9623733719247468,fold4
0.09239940387481373,0.9623733719247468,fold4
0.09239940387481373,0.9652677279305356,fold4
0.09836065573770493,0.9652677279305356,fold4
0.09836065573770493,0.9667149059334298,fold4
0.10283159463487332,0.9667149059334298,fold4
0.10283159463487332,0.9681620839363242,fold4
0.12518628912071536,0.9681620839363242,fold4
0.12518628912071536,0.9696092619392184,fold4
0.12667660208643816,0.9696092619392184,fold4
0.12667660208643816,0.9710564399421128,fold4
0.13859910581222054,0.9710564399421128,fold4
0.13859910581222054,0.9725036179450072,fold4
0.15499254843517138,0.9725036179450072,fold4
0.15499254843517138,0.9739507959479016,fold4
0.15648286140089418,0.9739507959479016,fold4
0.15648286140089418,0.9768451519536904,fold4
0.20566318926974664,0.9768451519536904,fold4
0.20566318926974664,0.9782923299565848,fold4
0.2444113263785395,0.9782923299565848,fold4
0.2444113263785395,0.9797395079594792,fold4
0.2563338301043219,0.9797395079594792,fold4
0.2563338301043219,0.9811866859623734,fold4
0.2667660208643815,0.9811866859623734,fold4
0.2667660208643815,0.984081041968162,fold4
0.2727272727272727,0.984081041968162,fold4
0.2727272727272727,0.9855282199710564,fold4
0.2786885245901639,0.9855282199710564,fold4
0.2786885245901639,0.9869753979739508,fold4
0.28017883755588674,0.9869753979739508,fold4
0.28017883755588674,0.9884225759768452,fold4
0.3323397913561848,0.9884225759768452,fold4
0.3323397913561848,0.9898697539797396,fold4
0.33383010432190763,0.9898697539797396,fold4
0.33383010432190763,0.9913169319826338,fold4
0.3904619970193741,0.9913169319826338,fold4
0.3904619970193741,0.9927641099855282,fold4
0.4143070044709389,0.9927641099855282,fold4
0.4143070044709389,0.9942112879884226,fold4
0.4187779433681073,0.9942112879884226,fold4
0.4187779433681073,0.9956584659913168,fold4
0.5856929955290611,0.9956584659913168,fold4
0.5856929955290611,0.9971056439942112,fold4
0.6378539493293591,0.9971056439942112,fold4
0.6378539493293591,0.9985528219971056,fold4
0.6542473919523101,0.9985528219971056,fold4
0.6542473919523101,1.0,fold4
1.0,1.0,fold4
0.0,0.0,fold5
0.0,0.0057887120115774245,fold5
0.0,0.008683068017366137,fold5
0.0,0.01447178002894356,fold5
0.0,0.017366136034732273,fold5
0.0,0.024602026049204053,fold5
0.0,0.03328509406657019,fold5
0.0,0.03907380607814761,fold5
0.0,0.04052098408104197,fold5
0.0,0.04341534008683068,fold5
0.0,0.04775687409551375,fold5
0.0,0.056439942112879886,fold5
0.0,0.062228654124457314,fold5
0.0,0.06367583212735166,fold5
0.0,0.07670043415340087,fold5
0.0,0.07814761215629522,fold5
0.0,0.08104196816208394,fold5
0.0,0.0824891461649783,fold5
0.0,0.08683068017366136,fold5
0.0,0.08972503617945007,fold5
0.0,0.09261939218523878,fold5
0.0,0.10419681620839363,fold5
0.0,0.11287988422575974,fold5
0.0,0.11577424023154848,fold5
0.0,0.12156295224312592,fold5
0.0,0.12301013024602026,fold5
0.0,0.1287988422575977,fold5
0.0,0.1345875542691751,fold5
0.0,0.1374819102749638,fold5
0.0,0.14327062228654125,fold5
0.0,0.14616497829232994,fold5
0.0,0.1548480463096961,fold5
0.0,0.1577424023154848,fold5
0.0,0.16063675832127353,fold5
0.0,0.16353111432706222,fold5
0.0,0.1736613603473227,fold5
0.0,0.17945007235890015,fold5
0.0,0.1808972503617945,fold5
0.0,0.1837916063675832,fold5
0.0,0.18813314037626627,fold5
0.0,0.1968162083936324,fold5
0.0,0.2040520984081042,fold5
0.0,0.20694645441389287,fold5
0.0,0.23589001447178004,fold5
0.0,0.23878437047756876,fold5
0.0,0.25180897250361794,fold5
0.0,0.25470332850940663,fold5
0.0,0.2662807525325615,fold5
0.0,0.2691751085383502,fold5
0.0,0.27496382054992763,fold5
0.0,0.2778581765557164,fold5
0.0,0.2952243125904486,fold5
0.0,0.2981186685962373,fold5
0.0,0.30390738060781475,fold5
0.0,0.3068017366136035,fold5
0.0,0.3154848046309696,fold5
0.0,0.3183791606367583,fold5
0.0,0.32706222865412443,fold5
0.0,0.3299565846599132,fold5
0.0,0.3458755426917511,fold5
0.0,0.34876989869753977,fold5
0.0,0.40231548480463103,fold5
0.0,0.4052098408104197,fold5
0.0,0.41244573082489133,fold5
0.0,0.4153400868306802,fold5
0.0,0.4196816208393632,fold5
0.0,0.422575976845152,fold5
0.0,0.467438494934877,fold5
0.0,0.4703328509406657,fold5
0.0,0.4761215629522431,fold5
0.0014903129657228018,0.4761215629522431,fold5
0.0014903129657228018,0.532561505065123,fold5
0.002980625931445604,0.532561505065123,fold5
0.002980625931445604,0.638205499276411,fold5
0.002980625931445604,0.6410998552821997,fold5
0.002980625931445604,0.6439942112879884,fold5
0.0044709388971684045,0.6439942112879884,fold5
0.0044709388971684045,0.6497829232995659,fold5
0.005961251862891207,0.6497829232995659,fold5
0.005961251862891207,0.658465991316932,fold5
0.005961251862891207,0.6613603473227206,fold5
0.005961251862891207,0.7047756874095513,fold5
0.00745156482861401,0.7047756874095513,fold5
0.00745156482861401,0.7351664254703328,fold5
0.008941877794336809,0.7351664254703328,fold5
0.008941877794336809,0.7742402315484804,fold5
0.011922503725782414,0.7742402315484804,fold5
0.011922503725782414,0.7756874095513748,fold5
0.013412816691505215,0.7756874095513748,fold5
0.013412816691505215,0.7829232995658466,fold5
0.01490312965722802,0.7829232995658466,fold5
0.01490312965722802,0.7945007235890015,fold5
0.016393442622950817,0.7945007235890015,fold5
0.016393442622950817,0.8046309696092621,fold5
0.017883755588673618,0.8046309696092621,fold5
0.017883755588673618,0.8147612156295224,fold5
0.019374068554396426,0.8147612156295224,fold5
0.019374068554396426,0.8191027496382055,fold5
0.022354694485842028,0.8191027496382055,fold5
0.022354694485842028,0.8205499276410999,fold5
0.023845007451564832,0.8205499276410999,fold5
0.023845007451564832,0.8277858176555717,fold5
0.026825633383010437,0.8277858176555717,fold5
0.026825633383010437,0.8364688856729378,fold5
0.02831594634873324,0.8364688856729378,fold5
0.02831594634873324,0.8437047756874095,fold5
0.03129657228017884,0.8437047756874095,fold5
0.03129657228017884,0.8509406657018813,fold5
0.032786885245901634,0.8509406657018813,fold5
0.032786885245901634,0.8625180897250362,fold5
0.034277198211624435,0.8625180897250362,fold5
0.034277198211624435,0.8639652677279306,fold5
0.035767511177347236,0.8639652677279306,fold5
0.035767511177347236,0.8726483357452967,fold5
0.03725782414307005,0.8726483357452967,fold5
0.03725782414307005,0.8740955137481908,fold5
0.03874813710879285,0.8740955137481908,fold5
0.03874813710879285,0.8755426917510853,fold5
0.04023845007451565,0.8755426917510853,fold5
0.04023845007451565,0.8827785817655571,fold5
0.04321907600596125,0.8827785817655571,fold5
0.04321907600596125,0.8871201157742402,fold5
0.044709388971684055,0.8871201157742402,fold5
0.044709388971684055,0.8885672937771346,fold5
0.047690014903129664,0.8885672937771346,fold5
0.047690014903129664,0.8929088277858177,fold5
0.049180327868852465,0.8929088277858177,fold5
0.049180327868852465,0.8972503617945007,fold5
0.05216095380029806,0.8972503617945007,fold5
0.05216095380029806,0.8986975397973951,fold5
0.05365126676602087,0.8986975397973951,fold5
0.05365126676602087,0.9001447178002895,fold5
0.05514157973174367,0.9001447178002895,fold5
0.05514157973174367,0.9044862518089724,fold5
0.05663189269746648,0.9044862518089724,fold5
0.05663189269746648,0.9059334298118668,fold5
0.05812220566318928,0.9059334298118668,fold5
0.05812220566318928,0.9088277858176556,fold5
0.06110283159463487,0.9088277858176556,fold5
0.06110283159463487,0.91027496382055,fold5
0.06557377049180327,0.91027496382055,fold5
0.06557377049180327,0.9146164978292329,fold5
0.06706408345752607,0.9146164978292329,fold5
0.06706408345752607,0.9160636758321272,fold5
0.07004470938897167,0.9160636758321272,fold5
0.07004470938897167,0.9175108538350216,fold5
0.07153502235469449,0.9175108538350216,fold5
0.07153502235469449,0.9218523878437048,fold5
0.07302533532041729,0.9218523878437048,fold5
0.07302533532041729,0.9232995658465992,fold5
0.08047690014903129,0.9232995658465992,fold5
0.08047690014903129,0.9247467438494936,fold5
0.08196721311475409,0.9247467438494936,fold5
0.08196721311475409,0.9261939218523878,fold5
0.08494783904619971,0.9261939218523878,fold5
0.08494783904619971,0.9276410998552822,fold5
0.08941877794336811,0.9276410998552822,fold5
0.08941877794336811,0.9305354558610708,fold5
0.09090909090909093,0.9305354558610708,fold5
0.09090909090909093,0.9319826338639652,fold5
0.09538002980625933,0.9319826338639652,fold5
0.09538002980625933,0.934876989869754,fold5
0.09687034277198213,0.934876989869754,fold5
0.09687034277198213,0.9363241678726484,fold5
0.10134128166915053,0.9363241678726484,fold5
0.10134128166915053,0.9377713458755428,fold5
0.10730253353204174,0.9377713458755428,fold5
0.10730253353204174,0.9392185238784372,fold5
0.11028315946348734,0.9392185238784372,fold5
0.11028315946348734,0.9406657018813314,fold5
0.11177347242921014,0.9406657018813314,fold5
0.11177347242921014,0.9421128798842258,fold5
0.11475409836065575,0.9421128798842258,fold5
0.11624441132637856,0.9464544138929089,fold5
0.11922503725782416,0.9464544138929089,fold5
0.11922503725782416,0.9479015918958033,fold5
0.12071535022354694,0.9479015918958033,fold5
0.12071535022354694,0.950795947901592,fold5
0.12816691505216096,0.950795947901592,fold5
0.12816691505216096,0.9536903039073806,fold5
0.12965722801788376,0.9536903039073806,fold5
0.12965722801788376,0.9565846599131692,fold5
0.13114754098360654,0.9565846599131692,fold5
0.13114754098360654,0.9580318379160636,fold5
0.13710879284649774,0.9580318379160636,fold5
0.13710879284649774,0.959479015918958,fold5
0.14008941877794334,0.959479015918958,fold5
0.14008941877794334,0.9609261939218524,fold5
0.17138599105812222,0.9609261939218524,fold5
0.17138599105812222,0.9623733719247468,fold5
0.17883755588673622,0.9623733719247468,fold5
0.17883755588673622,0.9638205499276412,fold5
0.19374068554396426,0.9638205499276412,fold5
0.19374068554396426,0.9652677279305356,fold5
0.20566318926974664,0.9652677279305356,fold5
0.20566318926974664,0.9681620839363242,fold5
0.21013412816691504,0.9681620839363242,fold5
0.21013412816691504,0.9696092619392184,fold5
0.22056631892697467,0.9696092619392184,fold5
0.22056631892697467,0.9710564399421128,fold5
0.2369597615499255,0.9710564399421128,fold5
0.2369597615499255,0.9725036179450072,fold5
0.2459016393442623,0.9725036179450072,fold5
0.2459016393442623,0.9768451519536904,fold5
0.2488822652757079,0.9768451519536904,fold5
0.2488822652757079,0.9797395079594792,fold5
0.2965722801788376,0.9797395079594792,fold5
0.2965722801788376,0.9811866859623734,fold5
0.3144560357675112,0.9811866859623734,fold5
0.3144560357675112,0.9826338639652678,fold5
0.3293591654247392,0.9826338639652678,fold5
0.3293591654247392,0.984081041968162,fold5
0.3412816691505216,0.984081041968162,fold5
0.3412816691505216,0.9855282199710564,fold5
0.3502235469448584,0.9855282199710564,fold5
0.3502235469448584,0.9869753979739508,fold5
0.35469448584202684,0.9869753979739508,fold5
0.35469448584202684,0.9884225759768452,fold5
0.3621460506706408,0.9884225759768452,fold5
0.3621460506706408,0.9898697539797396,fold5
0.3755588673621461,0.9898697539797396,fold5
0.3755588673621461,0.9927641099855282,fold5
0.3904619970193741,0.9927641099855282,fold5
0.3904619970193741,0.9942112879884226,fold5
0.4932935916542474,0.9942112879884226,fold5
0.4932935916542474,0.9956584659913168,fold5
0.5201192250372578,0.9956584659913168,fold5
0.5201192250372578,0.9971056439942112,fold5
0.5737704918032787,0.9971056439942112,fold5
0.5737704918032787,0.9985528219971056,fold5
0.5916542473919523,0.9985528219971056,fold5
0.5916542473919523,1.0,fold5
1.0,1.0,fold5
0.0,0.0,fold6
0.0,0.020260492040520984,fold6
0.0,0.03473227206946455,fold6
0.0,0.049204052098408106,fold6
0.0,0.062228654124457314,fold6
0.0,0.06801736613603472,fold6
0.0,0.07091172214182344,fold6
0.0,0.07525325615050651,fold6
0.0,0.08393632416787265,fold6
0.0,0.08683068017366136,fold6
0.0,0.09261939218523878,fold6
0.0,0.0984081041968162,fold6
0.0,0.10130246020260493,fold6
0.0,0.105643994211288,fold6
0.0,0.1085383502170767,fold6
0.0,0.11432706222865413,fold6
0.0,0.11722141823444285,fold6
0.0,0.1186685962373372,fold6
0.0,0.12156295224312592,fold6
0.0,0.1389290882778582,fold6
0.0,0.14182344428364688,fold6
0.0,0.14327062228654125,fold6
0.0,0.14616497829232994,fold6
0.0,0.1476121562952243,fold6
0.0,0.15050651230101306,fold6
0.0,0.1649782923299566,fold6
0.0,0.1678726483357453,fold6
0.0,0.1808972503617945,fold6
0.0,0.18523878437047755,fold6
0.0,0.24167872648335745,fold6
0.0,0.24457308248914614,fold6
0.0,0.2474674384949349,fold6
0.0,0.2503617945007236,fold6
0.0,0.25470332850940663,fold6
0.0,0.2575976845151954,fold6
0.0,0.32850940665701883,fold6
0.0,0.3314037626628075,fold6
0.0,0.341534008683068,fold6
0.0,0.34442836468885674,fold6
0.0,0.4240231548480463,fold6
0.0014903129657228018,0.4240231548480463,fold6
0.0014903129657228018,0.6324167872648335,fold6
0.002980625931445604,0.6324167872648335,fold6
0.002980625931445604,0.6628075253256149,fold6
0.0044709388971684045,0.6628075253256149,fold6
0.0044709388971684045,0.7033285094066569,fold6
0.005961251862891207,0.7033285094066569,fold6
0.005961251862891207,0.7062228654124457,fold6
0.00745156482861401,0.7062228654124457,fold6
0.00745156482861401,0.8306801736613604,fold6
0.008941877794336809,0.8306801736613604,fold6
0.008941877794336809,0.8321273516642547,fold6
0.011922503725782414,0.8321273516642547,fold6
0.011922503725782414,0.8379160636758322,fold6
0.01490312965722802,0.8379160636758322,fold6
0.01490312965722802,0.8552821997105644,fold6
0.017883755588673618,0.8552821997105644,fold6
0.017883755588673618,0.8581765557163531,fold6
0.019374068554396426,0.8581765557163531,fold6
0.019374068554396426,0.8639652677279306,fold6
0.020864381520119227,0.8639652677279306,fold6
0.020864381520119227,0.8668596237337193,fold6
0.022354694485842028,0.8668596237337193,fold6
0.022354694485842028,0.8827785817655571,fold6
0.023845007451564832,0.8827785817655571,fold6
0.023845007451564832,0.8900144717800289,fold6
0.025335320417287633,0.8900144717800289,fold6
0.025335320417287633,0.8929088277858177,fold6
0.02831594634873324,0.8929088277858177,fold6
0.02831594634873324,0.8972503617945007,fold6
0.03874813710879285,0.8972503617945007,fold6
0.03874813710879285,0.9001447178002895,fold6
0.04023845007451565,0.9001447178002895,fold6
0.04023845007451565,0.9059334298118668,fold6
0.04172876304023845,0.9059334298118668,fold6
0.04172876304023845,0.9073806078147612,fold6
0.04321907600596125,0.9073806078147612,fold6
0.04321907600596125,0.9117221418234442,fold6
0.044709388971684055,0.9117221418234442,fold6
0.044709388971684055,0.9189580318379159,fold6
0.049180327868852465,0.9189580318379159,fold6
0.049180327868852465,0.9218523878437048,fold6
0.050670640834575266,0.9218523878437048,fold6
0.050670640834575266,0.9247467438494936,fold6
0.05216095380029806,0.9247467438494936,fold6
0.05216095380029806,0.9261939218523878,fold6
0.05514157973174367,0.9261939218523878,fold6
0.05514157973174367,0.9334298118668596,fold6
0.05663189269746648,0.9334298118668596,fold6
0.05663189269746648,0.934876989869754,fold6
0.05961251862891208,0.934876989869754,fold6
0.05961251862891208,0.9363241678726484,fold6
0.06557377049180327,0.9363241678726484,fold6
0.06557377049180327,0.9392185238784372,fold6
0.07004470938897167,0.9392185238784372,fold6
0.07004470938897167,0.9406657018813314,fold6
0.07153502235469449,0.9406657018813314,fold6
0.07153502235469449,0.9421128798842258,fold6
0.07898658718330849,0.9421128798842258,fold6
0.07898658718330849,0.9435600578871202,fold6
0.08196721311475409,0.9435600578871202,fold6
0.08196721311475409,0.9493487698986977,fold6
0.08494783904619971,0.9493487698986977,fold6
0.08494783904619971,0.950795947901592,fold6
0.09090909090909093,0.950795947901592,fold6
0.09090909090909093,0.9536903039073806,fold6
0.09388971684053653,0.9536903039073806,fold6
0.09388971684053653,0.9551374819102748,fold6
0.09538002980625933,0.9551374819102748,fold6
0.09538002980625933,0.9565846599131692,fold6
0.09836065573770493,0.9565846599131692,fold6
0.09836065573770493,0.9580318379160636,fold6
0.10581222056631892,0.9580318379160636,fold6
0.10581222056631892,0.959479015918958,fold6
0.13114754098360654,0.959479015918958,fold6
0.13114754098360654,0.9609261939218524,fold6
0.13263785394932934,0.9609261939218524,fold6
0.13263785394932934,0.9638205499276412,fold6
0.13412816691505214,0.9638205499276412,fold6
0.13412816691505214,0.9652677279305356,fold6
0.14903129657228018,0.9652677279305356,fold6
0.14903129657228018,0.9667149059334298,fold6
0.15350223546944858,0.9667149059334298,fold6
0.15350223546944858,0.9681620839363242,fold6
0.15499254843517138,0.9681620839363242,fold6
0.15499254843517138,0.9696092619392184,fold6
0.15797317436661698,0.9696092619392184,fold6
0.15797317436661698,0.9710564399421128,fold6
0.165424739195231,0.9710564399421128,fold6
0.165424739195231,0.9725036179450072,fold6
0.17883755588673622,0.9725036179450072,fold6
0.17883755588673622,0.9739507959479016,fold6
0.18181818181818185,0.9739507959479016,fold6
0.18181818181818185,0.9753979739507959,fold6
0.18777943368107305,0.9753979739507959,fold6
0.18777943368107305,0.9768451519536904,fold6
0.20864381520119224,0.9768451519536904,fold6
0.20864381520119224,0.9782923299565848,fold6
0.22503725782414308,0.9782923299565848,fold6
0.22503725782414308,0.9811866859623734,fold6
0.2697466467958271,0.9811866859623734,fold6
0.2697466467958271,0.9826338639652678,fold6
0.29210134128166915,0.9826338639652678,fold6
0.29210134128166915,0.984081041968162,fold6
0.3025335320417288,0.984081041968162,fold6
0.3025335320417288,0.9855282199710564,fold6
0.3114754098360656,0.9855282199710564,fold6
0.3114754098360656,0.9869753979739508,fold6
0.315946348733234,0.9869753979739508,fold6
0.315946348733234,0.9884225759768452,fold6
0.3219076005961252,0.9884225759768452,fold6
0.3219076005961252,0.9898697539797396,fold6
0.3502235469448584,0.9898697539797396,fold6
0.3502235469448584,0.9913169319826338,fold6
0.3606557377049181,0.9913169319826338,fold6
0.3606557377049181,0.9927641099855282,fold6
0.3695976154992549,0.9927641099855282,fold6
0.3695976154992549,0.9942112879884226,fold6
0.3725782414307005,0.9942112879884226,fold6
0.3725782414307005,0.9956584659913168,fold6
0.5469448584202683,0.9956584659913168,fold6
0.5469448584202683,0.9971056439942112,fold6
0.5946348733233979,0.9971056439942112,fold6
0.5946348733233979,0.9985528219971056,fold6
0.6348733233979136,0.9985528219971056,fold6
0.6348733233979136,1.0,fold6
1.0,1.0,fold6
0.0,0.0,fold7
0.0,0.0014471780028943561,fold7
0.0,0.44283646888567296,fold7
0.0014903129657228018,0.44283646888567296,fold7
0.0014903129657228018,0.6237337192474675,fold7
0.002980625931445604,0.6237337192474675,fold7
0.002980625931445604,0.6628075253256149,fold7
0.0044709388971684045,0.6628075253256149,fold7
0.0044709388971684045,0.7221418234442837,fold7
0.005961251862891207,0.7221418234442837,fold7
0.005961251862891207,0.7366136034732272,fold7
0.00745156482861401,0.7366136034732272,fold7
0.00745156482861401,0.7554269175108539,fold7
0.010432190760059612,0.7554269175108539,fold7
0.010432190760059612,0.7988422575976846,fold7
0.011922503725782414,0.7988422575976846,fold7
0.011922503725782414,0.8017366136034733,fold7
0.013412816691505215,0.8017366136034733,fold7
0.013412816691505215,0.8147612156295224,fold7
0.01490312965722802,0.8147612156295224,fold7
0.01490312965722802,0.8248914616497829,fold7
0.016393442622950817,0.8248914616497829,fold7
0.016393442622950817,0.8263386396526773,fold7
0.017883755588673618,0.8263386396526773,fold7
0.017883755588673618,0.8306801736613604,fold7
0.019374068554396426,0.8306801736613604,fold7
0.019374068554396426,0.8408104196816208,fold7
0.023845007451564832,0.8408104196816208,fold7
0.023845007451564832,0.8552821997105644,fold7
0.025335320417287633,0.8552821997105644,fold7
0.025335320417287633,0.8654124457308249,fold7
0.02831594634873324,0.8654124457308249,fold7
0.02831594634873324,0.8683068017366136,fold7
0.02980625931445604,0.8683068017366136,fold7
0.02980625931445604,0.8712011577424024,fold7
0.03129657228017884,0.8712011577424024,fold7
0.03129657228017884,0.8784370477568741,fold7
0.032786885245901634,0.8784370477568741,fold7
0.032786885245901634,0.8798842257597684,fold7
0.035767511177347236,0.8798842257597684,fold7
0.035767511177347236,0.8827785817655571,fold7
0.03725782414307005,0.8827785817655571,fold7
0.03725782414307005,0.8885672937771346,fold7
0.03874813710879285,0.8885672937771346,fold7
0.03874813710879285,0.8958031837916064,fold7
0.04023845007451565,0.8958031837916064,fold7
0.04023845007451565,0.8972503617945007,fold7
0.04321907600596125,0.8972503617945007,fold7
0.04321907600596125,0.9001447178002895,fold7
0.047690014903129664,0.9001447178002895,fold7
0.047690014903129664,0.9015918958031838,fold7
0.049180327868852465,0.9015918958031838,fold7
0.049180327868852465,0.9059334298118668,fold7
0.05216095380029806,0.9059334298118668,fold7
0.05216095380029806,0.9160636758321272,fold7
0.05365126676602087,0.9160636758321272,fold7
0.05365126676602087,0.9175108538350216,fold7
0.05514157973174367,0.9175108538350216,fold7
0.05514157973174367,0.9189580318379159,fold7
0.05663189269746648,0.9189580318379159,fold7
0.05663189269746648,0.9218523878437048,fold7
0.06110283159463487,0.9218523878437048,fold7
0.06110283159463487,0.9232995658465992,fold7
0.06408345752608048,0.9232995658465992,fold7
0.06408345752608048,0.9247467438494936,fold7
0.08196721311475409,0.9247467438494936,fold7
0.08196721311475409,0.9276410998552822,fold7
0.08345752608047691,0.9276410998552822,fold7
0.08345752608047691,0.9305354558610708,fold7
0.08643815201192251,0.9305354558610708,fold7
0.08643815201192251,0.9334298118668596,fold7
0.09090909090909093,0.9334298118668596,fold7
0.09090909090909093,0.9377713458755428,fold7
0.09388971684053653,0.9377713458755428,fold7
0.09388971684053653,0.9406657018813314,fold7
0.09538002980625933,0.9406657018813314,fold7
0.09538002980625933,0.9421128798842258,fold7
0.10134128166915053,0.9421128798842258,fold7
0.10134128166915053,0.9435600578871202,fold7
0.10581222056631892,0.9435600578871202,fold7
0.10581222056631892,0.9450072358900145,fold7
0.11177347242921014,0.9450072358900145,fold7
0.11177347242921014,0.9464544138929089,fold7
0.11326378539493295,0.9464544138929089,fold7
0.11326378539493295,0.9479015918958033,fold7
0.11773472429210136,0.9479015918958033,fold7
0.11773472429210136,0.9493487698986977,fold7
0.12965722801788376,0.9493487698986977,fold7
0.12965722801788376,0.9522431259044862,fold7
0.13114754098360654,0.9522431259044862,fold7
0.13114754098360654,0.9551374819102748,fold7
0.13859910581222054,0.9551374819102748,fold7
0.13859910581222054,0.9565846599131692,fold7
0.14307004470938894,0.9565846599131692,fold7
0.14307004470938894,0.9580318379160636,fold7
0.14754098360655735,0.9580318379160636,fold7
0.14754098360655735,0.959479015918958,fold7
0.15350223546944858,0.959479015918958,fold7
0.15350223546944858,0.9609261939218524,fold7
0.15946348733233978,0.9609261939218524,fold7
0.15946348733233978,0.9623733719247468,fold7
0.16095380029806258,0.9623733719247468,fold7
0.16095380029806258,0.9638205499276412,fold7
0.1669150521609538,0.9638205499276412,fold7
0.1669150521609538,0.9652677279305356,fold7
0.17287630402384502,0.9652677279305356,fold7
0.17287630402384502,0.9667149059334298,fold7
0.17883755588673622,0.9667149059334298,fold7
0.17883755588673622,0.9710564399421128,fold7
0.18032786885245905,0.9710564399421128,fold7
0.18032786885245905,0.9725036179450072,fold7
0.18330849478390465,0.9725036179450072,fold7
0.18330849478390465,0.9739507959479016,fold7
0.18628912071535025,0.9739507959479016,fold7
0.18628912071535025,0.9753979739507959,fold7
0.18777943368107305,0.9753979739507959,fold7
0.18777943368107305,0.9768451519536904,fold7
0.19374068554396426,0.9768451519536904,fold7
0.19374068554396426,0.9782923299565848,fold7
0.20119225037257826,0.9782923299565848,fold7
0.20119225037257826,0.9797395079594792,fold7
0.20864381520119224,0.9797395079594792,fold7
0.20864381520119224,0.9811866859623734,fold7
0.21311475409836064,0.9811866859623734,fold7
0.21311475409836064,0.9826338639652678,fold7
0.2384500745156483,0.9826338639652678,fold7
0.2384500745156483,0.984081041968162,fold7
0.2473919523099851,0.984081041968162,fold7
0.2473919523099851,0.9855282199710564,fold7
0.2503725782414307,0.9855282199710564,fold7
0.2503725782414307,0.9869753979739508,fold7
0.27421758569299554,0.9869753979739508,fold7
0.27421758569299554,0.9884225759768452,fold7
0.3442622950819672,0.9884225759768452,fold7
0.3442622950819672,0.9898697539797396,fold7
0.3874813710879285,0.9898697539797396,fold7
0.3874813710879285,0.9913169319826338,fold7
0.5096870342771982,0.9913169319826338,fold7
0.5096870342771982,0.9927641099855282,fold7
0.511177347242921,0.9927641099855282,fold7
0.511177347242921,0.9942112879884226,fold7
0.5245901639344263,0.9942112879884226,fold7
0.5245901639344263,0.9956584659913168,fold7
0.5886736214605067,0.9956584659913168,fold7
0.5886736214605067,0.9971056439942112,fold7
0.7615499254843517,0.9971056439942112,fold7
0.7615499254843517,0.9985528219971056,fold7
0.7794336810730254,0.9985528219971056,fold7
0.7794336810730254,1.0,fold7
1.0,1.0,fold7
0.0,0.0,fold8
0.0,0.0014471780028943561,fold8
0.0,0.0028943560057887122,fold8
0.0,0.0057887120115774245,fold8
0.0,0.018813314037626632,fold8
0.0,0.02170767004341534,fold8
0.0,0.03039073806078148,fold8
0.0,0.03328509406657019,fold8
0.0,0.085383502170767,fold8
0.0,0.08827785817655573,fold8
0.0,0.17945007235890015,fold8
0.0,0.18234442836468887,fold8
0.0,0.3140376266280753,fold8
0.0,0.316931982633864,fold8
0.0,0.4529667149059334,fold8
0.0014903129657228018,0.4529667149059334,fold8
0.0014903129657228018,0.4573082489146165,fold8
0.002980625931445604,0.4573082489146165,fold8
0.002980625931445604,0.6714905933429812,fold8
0.0044709388971684045,0.6714905933429812,fold8
0.0044709388971684045,0.6874095513748191,fold8
0.005961251862891207,0.6874095513748191,fold8
0.005961251862891207,0.7279305354558611,fold8
0.00745156482861401,0.7279305354558611,fold8
0.00745156482861401,0.7525325615050651,fold8
0.008941877794336809,0.7525325615050651,fold8
0.008941877794336809,0.7612156295224313,fold8
0.011922503725782414,0.7612156295224313,fold8
0.011922503725782414,0.7916063675832128,fold8
0.01490312965722802,0.7916063675832128,fold8
0.01490312965722802,0.8248914616497829,fold8
0.016393442622950817,0.8248914616497829,fold8
0.016393442622950817,0.829232995658466,fold8
0.017883755588673618,0.829232995658466,fold8
0.017883755588673618,0.8335745296671491,fold8
0.019374068554396426,0.8335745296671491,fold8
0.019374068554396426,0.8350217076700435,fold8
0.020864381520119227,0.8350217076700435,fold8
0.020864381520119227,0.8465991316931982,fold8
0.022354694485842028,0.8465991316931982,fold8
0.022354694485842028,0.8480463096960926,fold8
0.023845007451564832,0.8480463096960926,fold8
0.023845007451564832,0.8755426917510853,fold8
0.025335320417287633,0.8755426917510853,fold8
0.025335320417287633,0.8813314037626628,fold8
0.026825633383010437,0.8813314037626628,fold8
0.026825633383010437,0.8856729377713459,fold8
0.02831594634873324,0.8856729377713459,fold8
0.02831594634873324,0.8885672937771346,fold8
0.02980625931445604,0.8885672937771346,fold8
0.02980625931445604,0.8900144717800289,fold8
0.03129657228017884,0.8900144717800289,fold8
0.03129657228017884,0.8914616497829233,fold8
0.032786885245901634,0.8914616497829233,fold8
0.032786885245901634,0.8943560057887121,fold8
0.035767511177347236,0.8943560057887121,fold8
0.035767511177347236,0.8958031837916064,fold8
0.03725782414307005,0.8958031837916064,fold8
0.03725782414307005,0.8972503617945007,fold8
0.03874813710879285,0.8972503617945007,fold8
0.03874813710879285,0.8986975397973951,fold8
0.04023845007451565,0.8986975397973951,fold8
0.04023845007451565,0.9059334298118668,fold8
0.04321907600596125,0.9059334298118668,fold8
0.04321907600596125,0.9088277858176556,fold8
0.044709388971684055,0.9088277858176556,fold8
0.044709388971684055,0.9175108538350216,fold8
0.046199701937406856,0.9175108538350216,fold8
0.046199701937406856,0.9189580318379159,fold8
0.047690014903129664,0.9189580318379159,fold8
0.047690014903129664,0.9204052098408104,fold8
0.050670640834575266,0.9204052098408104,fold8
0.050670640834575266,0.9218523878437048,fold8
0.05216095380029806,0.9218523878437048,fold8
0.05216095380029806,0.9232995658465992,fold8
0.05514157973174367,0.9232995658465992,fold8
0.05514157973174367,0.9261939218523878,fold8
0.05812220566318928,0.9261939218523878,fold8
0.05812220566318928,0.9290882778581766,fold8
0.06110283159463487,0.9290882778581766,fold8
0.06110283159463487,0.9305354558610708,fold8
0.06557377049180327,0.9305354558610708,fold8
0.06557377049180327,0.9319826338639652,fold8
0.06855439642324887,0.9319826338639652,fold8
0.06855439642324887,0.9363241678726484,fold8
0.07004470938897167,0.9363241678726484,fold8
0.07004470938897167,0.9392185238784372,fold8
0.07302533532041729,0.9392185238784372,fold8
0.07302533532041729,0.9406657018813314,fold8
0.07600596125186289,0.9406657018813314,fold8
0.07600596125186289,0.9421128798842258,fold8
0.08047690014903129,0.9421128798842258,fold8
0.08047690014903129,0.9450072358900145,fold8
0.08792846497764531,0.9450072358900145,fold8
0.08792846497764531,0.9464544138929089,fold8
0.09239940387481373,0.9464544138929089,fold8
0.09239940387481373,0.950795947901592,fold8
0.10283159463487332,0.950795947901592,fold8
0.10283159463487332,0.9536903039073806,fold8
0.10879284649776454,0.9536903039073806,fold8
0.10879284649776454,0.9551374819102748,fold8
0.11177347242921014,0.9551374819102748,fold8
0.11177347242921014,0.9565846599131692,fold8
0.11624441132637856,0.9565846599131692,fold8
0.11624441132637856,0.9580318379160636,fold8
0.11922503725782416,0.9580318379160636,fold8
0.11922503725782416,0.959479015918958,fold8
0.12071535022354694,0.959479015918958,fold8
0.12071535022354694,0.9609261939218524,fold8
0.13412816691505214,0.9609261939218524,fold8
0.13412816691505214,0.9638205499276412,fold8
0.13561847988077494,0.9638205499276412,fold8
0.13561847988077494,0.9652677279305356,fold8
0.14754098360655735,0.9652677279305356,fold8
0.14754098360655735,0.9681620839363242,fold8
0.15350223546944858,0.9681620839363242,fold8
0.15350223546944858,0.9696092619392184,fold8
0.15648286140089418,0.9696092619392184,fold8
0.15648286140089418,0.9710564399421128,fold8
0.15946348733233978,0.9710564399421128,fold8
0.15946348733233978,0.9725036179450072,fold8
0.17287630402384502,0.9725036179450072,fold8
0.17287630402384502,0.9739507959479016,fold8
0.17585692995529062,0.9739507959479016,fold8
0.17585692995529062,0.9768451519536904,fold8
0.19821162444113266,0.9768451519536904,fold8
0.19821162444113266,0.9782923299565848,fold8
0.19970193740685546,0.9782923299565848,fold8
0.19970193740685546,0.9797395079594792,fold8
0.22056631892697467,0.9797395079594792,fold8
0.22056631892697467,0.9811866859623734,fold8
0.2339791356184799,0.9811866859623734,fold8
0.2339791356184799,0.9826338639652678,fold8
0.2667660208643815,0.9826338639652678,fold8
0.2667660208643815,0.984081041968162,fold8
0.27421758569299554,0.984081041968162,fold8
0.27421758569299554,0.9855282199710564,fold8
0.2906110283159464,0.9855282199710564,fold8
0.2906110283159464,0.9869753979739508,fold8
0.3129657228017884,0.9869753979739508,fold8
0.3129657228017884,0.9884225759768452,fold8
0.3248882265275708,0.9884225759768452,fold8
0.3248882265275708,0.9898697539797396,fold8
0.3263785394932936,0.9898697539797396,fold8
0.3263785394932936,0.9913169319826338,fold8
0.3979135618479881,0.9913169319826338,fold8
0.3979135618479881,0.9927641099855282,fold8
0.4232488822652757,0.9927641099855282,fold8
0.4232488822652757,0.9942112879884226,fold8
0.4247391952309985,0.9942112879884226,fold8
0.4247391952309985,0.9956584659913168,fold8
0.4456035767511177,0.9956584659913168,fold8
0.4456035767511177,0.9971056439942112,fold8
0.5394932935916542,0.9971056439942112,fold8
0.5394932935916542,0.9985528219971056,fold8
0.5737704918032787,0.9985528219971056,fold8
0.5737704918032787,1.0,fold8
1.0,1.0,fold8
0.0,0.0,fold9
0.0,0.0014471780028943561,fold9
0.0,0.05788712011577424,fold9
0.0,0.06078147612156296,fold9
0.0,0.2836468885672937,fold9
0.0,0.2865412445730825,fold9
0.0,0.3921852387843705,fold9
0.0014903129657228018,0.3921852387843705,fold9
0.0014903129657228018,0.4688856729377714,fold9
0.002980625931445604,0.4688856729377714,fold9
0.002980625931445604,0.4833574529667149,fold9
0.0044709388971684045,0.4833574529667149,fold9
0.0044709388971684045,0.5846599131693199,fold9
0.005961251862891207,0.5846599131693199,fold9
0.005961251862891207,0.5918958031837916,fold9
0.00745156482861401,0.5918958031837916,fold9
0.00745156482861401,0.5962373371924746,fold9
0.008941877794336809,0.5962373371924746,fold9
0.008941877794336809,0.6454413892908828,fold9
0.010432190760059612,0.6454413892908828,fold9
0.010432190760059612,0.6497829232995659,fold9
0.011922503725782414,0.6497829232995659,fold9
0.011922503725782414,0.6613603473227206,fold9
0.013412816691505215,0.6613603473227206,fold9
0.013412816691505215,0.6642547033285094,fold9
0.01490312965722802,0.6642547033285094,fold9
0.01490312965722802,0.7293777134587555,fold9
0.016393442622950817,0.7293777134587555,fold9
0.016393442622950817,0.7395079594790159,fold9
0.017883755588673618,0.7395079594790159,fold9
0.017883755588673618,0.7409551374819102,fold9
0.019374068554396426,0.7409551374819102,fold9
0.019374068554396426,0.7887120115774241,fold9
0.020864381520119227,0.7887120115774241,fold9
0.020864381520119227,0.7988422575976846,fold9
0.022354694485842028,0.7988422575976846,fold9
0.022354694485842028,0.8306801736613604,fold9
0.023845007451564832,0.8306801736613604,fold9
0.023845007451564832,0.8364688856729378,fold9
0.025335320417287633,0.8364688856729378,fold9
0.025335320417287633,0.8494934876989871,fold9
0.02831594634873324,0.8494934876989871,fold9
0.02831594634873324,0.8552821997105644,fold9
0.02980625931445604,0.8552821997105644,fold9
0.02980625931445604,0.8596237337192475,fold9
0.032786885245901634,0.8596237337192475,fold9
0.032786885245901634,0.8654124457308249,fold9
0.034277198211624435,0.8654124457308249,fold9
0.034277198211624435,0.8827785817655571,fold9
0.035767511177347236,0.8827785817655571,fold9
0.035767511177347236,0.8871201157742402,fold9
0.03874813710879285,0.8914616497829233,fold9
0.03874813710879285,0.8958031837916064,fold9
0.04172876304023845,0.8958031837916064,fold9
0.04172876304023845,0.8972503617945007,fold9
0.04321907600596125,0.8972503617945007,fold9
0.04321907600596125,0.8986975397973951,fold9
0.047690014903129664,0.8986975397973951,fold9
0.047690014903129664,0.9044862518089724,fold9
0.049180327868852465,0.9044862518089724,fold9
0.049180327868852465,0.9088277858176556,fold9
0.05216095380029806,0.9088277858176556,fold9
0.05216095380029806,0.9189580318379159,fold9
0.05514157973174367,0.9189580318379159,fold9
0.05514157973174367,0.9218523878437048,fold9
0.05663189269746648,0.9218523878437048,fold9
0.05663189269746648,0.9261939218523878,fold9
0.05812220566318928,0.9261939218523878,fold9
0.05812220566318928,0.9276410998552822,fold9
0.06259314456035768,0.9276410998552822,fold9
0.06259314456035768,0.9305354558610708,fold9
0.07004470938897167,0.9305354558610708,fold9
0.07004470938897167,0.9334298118668596,fold9
0.07302533532041729,0.9334298118668596,fold9
0.07302533532041729,0.9377713458755428,fold9
0.07451564828614009,0.9377713458755428,fold9
0.07451564828614009,0.9392185238784372,fold9
0.07898658718330849,0.9392185238784372,fold9
0.07898658718330849,0.9421128798842258,fold9
0.08047690014903129,0.9421128798842258,fold9
0.08047690014903129,0.9435600578871202,fold9
0.08196721311475409,0.9435600578871202,fold9
0.08196721311475409,0.9450072358900145,fold9
0.09090909090909093,0.9450072358900145,fold9
0.09090909090909093,0.9479015918958033,fold9
0.09985096870342773,0.9479015918958033,fold9
0.09985096870342773,0.9493487698986977,fold9
0.10283159463487332,0.9493487698986977,fold9
0.10283159463487332,0.950795947901592,fold9
0.10730253353204174,0.950795947901592,fold9
0.10730253353204174,0.9551374819102748,fold9
0.10879284649776454,0.9551374819102748,fold9
0.10879284649776454,0.9580318379160636,fold9
0.11028315946348734,0.9580318379160636,fold9
0.11028315946348734,0.959479015918958,fold9
0.11326378539493295,0.959479015918958,fold9
0.11326378539493295,0.9609261939218524,fold9
0.12220566318926974,0.9609261939218524,fold9
0.12220566318926974,0.9638205499276412,fold9
0.12518628912071536,0.9638205499276412,fold9
0.12518628912071536,0.9652677279305356,fold9
0.12965722801788376,0.9652677279305356,fold9
0.12965722801788376,0.9681620839363242,fold9
0.13859910581222054,0.9681620839363242,fold9
0.13859910581222054,0.9725036179450072,fold9
0.14307004470938894,0.9725036179450072,fold9
0.14307004470938894,0.9739507959479016,fold9
0.15201192250372578,0.9739507959479016,fold9
0.15201192250372578,0.9768451519536904,fold9
0.165424739195231,0.9768451519536904,fold9
0.165424739195231,0.9782923299565848,fold9
0.16989567809239942,0.9782923299565848,fold9
0.16989567809239942,0.9797395079594792,fold9
0.20715350223546944,0.9797395079594792,fold9
0.20715350223546944,0.9811866859623734,fold9
0.2354694485842027,0.9811866859623734,fold9
0.2354694485842027,0.9826338639652678,fold9
0.2637853949329359,0.9826338639652678,fold9
0.2637853949329359,0.984081041968162,fold9
0.26825633383010433,0.984081041968162,fold9
0.26825633383010433,0.9855282199710564,fold9
0.27421758569299554,0.9855282199710564,fold9
0.27421758569299554,0.9869753979739508,fold9
0.2876304023845008,0.9869753979739508,fold9
0.2876304023845008,0.9884225759768452,fold9
0.30104321907600595,0.9884225759768452,fold9
0.30104321907600595,0.9913169319826338,fold9
0.3204172876304024,0.9913169319826338,fold9
0.3204172876304024,0.9927641099855282,fold9
0.3725782414307005,0.9927641099855282,fold9
0.3725782414307005,0.9942112879884226,fold9
0.3830104321907601,0.9942112879884226,fold9
0.3830104321907601,0.9956584659913168,fold9
0.4724292101341282,0.9956584659913168,fold9
0.4724292101341282,0.9971056439942112,fold9
0.503725782414307,0.9971056439942112,fold9
0.503725782414307,0.9985528219971056,fold9
0.5216095380029806,0.9985528219971056,fold9
0.5216095380029806,1.0,fold9
1.0,1.0,fold9
0.0,0.0,fold10
0.0,0.0014471780028943561,fold10
0.0,0.0057887120115774245,fold10
0.0,0.010130246020260492,fold10
0.0,0.013024602026049204,fold10
0.0,0.02315484804630969,fold10
0.0,0.027496382054992764,fold10
0.0,0.03039073806078148,fold10
0.0,0.037626628075253264,fold10
0.0,0.04052098408104197,fold10
0.0,0.04341534008683068,fold10
0.0,0.04775687409551375,fold10
0.0,0.050651230101302465,fold10
0.0,0.053545586107091175,fold10
0.0,0.0593342981186686,fold10
0.0,0.062228654124457314,fold10
0.0,0.07670043415340087,fold10
0.0,0.0824891461649783,fold10
0.0,0.08393632416787265,fold10
0.0,0.08683068017366136,fold10
0.0,0.13314037626628075,fold10
0.0,0.13603473227206947,fold10
0.0,0.1389290882778582,fold10
0.0,0.1447178002894356,fold10
0.0,0.15340086830680175,fold10
0.0,0.15629522431259044,fold10
0.0,0.18234442836468887,fold10
0.0,0.18523878437047755,fold10
0.0,0.18668596237337196,fold10
0.0,0.18958031837916064,fold10
0.0,0.20694645441389287,fold10
0.0,0.2098408104196816,fold10
0.0,0.21562952243125905,fold10
0.0014903129657228018,0.21562952243125905,fold10
0.0014903129657228018,0.22141823444283648,fold10
0.0014903129657228018,0.2243125904486252,fold10
0.0014903129657228018,0.7091172214182344,fold10
0.0044709388971684045,0.7091172214182344,fold10
0.0044709388971684045,0.7771345875542692,fold10
0.005961251862891207,0.7771345875542692,fold10
0.005961251862891207,0.7829232995658466,fold10
0.00745156482861401,0.7829232995658466,fold10
0.00745156482861401,0.784370477568741,fold10
0.008941877794336809,0.784370477568741,fold10
0.008941877794336809,0.7916063675832128,fold10
0.011922503725782414,0.7916063675832128,fold10
0.011922503725782414,0.7930535455861071,fold10
0.013412816691505215,0.7930535455861071,fold10
0.013412816691505215,0.8147612156295224,fold10
0.01490312965722802,0.8147612156295224,fold10
0.01490312965722802,0.8219971056439942,fold10
0.016393442622950817,0.8219971056439942,fold10
0.016393442622950817,0.8451519536903039,fold10
0.017883755588673618,0.8451519536903039,fold10
0.017883755588673618,0.8509406657018813,fold10
0.019374068554396426,0.8509406657018813,fold10
0.019374068554396426,0.8523878437047757,fold10
0.020864381520119227,0.8523878437047757,fold10
0.020864381520119227,0.8567293777134588,fold10
0.022354694485842028,0.8567293777134588,fold10
0.022354694485842028,0.8610709117221418,fold10
0.023845007451564832,0.8610709117221418,fold10
0.023845007451564832,0.8958031837916064,fold10
0.025335320417287633,0.8958031837916064,fold10
0.025335320417287633,0.8986975397973951,fold10
0.026825633383010437,0.8986975397973951,fold10
0.026825633383010437,0.9015918958031838,fold10
0.02980625931445604,0.9015918958031838,fold10
0.02980625931445604,0.9030390738060782,fold10
0.03129657228017884,0.9030390738060782,fold10
0.03129657228017884,0.9059334298118668,fold10
0.032786885245901634,0.9059334298118668,fold10
0.032786885245901634,0.9160636758321272,fold10
0.034277198211624435,0.9160636758321272,fold10
0.034277198211624435,0.9175108538350216,fold10
0.03725782414307005,0.9175108538350216,fold10
0.03725782414307005,0.9204052098408104,fold10
0.04023845007451565,0.9204052098408104,fold10
0.04023845007451565,0.9218523878437048,fold10
0.04172876304023845,0.9218523878437048,fold10
0.04172876304023845,0.9276410998552822,fold10
0.046199701937406856,0.9276410998552822,fold10
0.046199701937406856,0.9290882778581766,fold10
0.047690014903129664,0.9290882778581766,fold10
0.047690014903129664,0.9363241678726484,fold10
0.049180327868852465,0.9363241678726484,fold10
0.049180327868852465,0.9392185238784372,fold10
0.05812220566318928,0.9392185238784372,fold10
0.05812220566318928,0.9406657018813314,fold10
0.06557377049180327,0.9406657018813314,fold10
0.06557377049180327,0.9421128798842258,fold10
0.06855439642324887,0.9421128798842258,fold10
0.06855439642324887,0.9450072358900145,fold10
0.07153502235469449,0.9450072358900145,fold10
0.07153502235469449,0.9464544138929089,fold10
0.07302533532041729,0.9464544138929089,fold10
0.07302533532041729,0.9479015918958033,fold10
0.07600596125186289,0.9479015918958033,fold10
0.07600596125186289,0.9522431259044862,fold10
0.08494783904619971,0.9522431259044862,fold10
0.08494783904619971,0.9536903039073806,fold10
0.08792846497764531,0.9536903039073806,fold10
0.08792846497764531,0.9551374819102748,fold10
0.09239940387481373,0.9551374819102748,fold10
0.09239940387481373,0.9565846599131692,fold10
0.09687034277198213,0.9565846599131692,fold10
0.09687034277198213,0.9580318379160636,fold10
0.09836065573770493,0.9580318379160636,fold10
0.09836065573770493,0.9609261939218524,fold10
0.10283159463487332,0.9609261939218524,fold10
0.10283159463487332,0.9623733719247468,fold10
0.11177347242921014,0.9623733719247468,fold10
0.11177347242921014,0.9638205499276412,fold10
0.11922503725782416,0.9638205499276412,fold10
0.11922503725782416,0.9652677279305356,fold10
0.12369597615499255,0.9652677279305356,fold10
0.12369597615499255,0.9667149059334298,fold10
0.12518628912071536,0.9667149059334298,fold10
0.12518628912071536,0.9681620839363242,fold10
0.13114754098360654,0.9681620839363242,fold10
0.13114754098360654,0.9710564399421128,fold10
0.16244411326378538,0.9710564399421128,fold10
0.16244411326378538,0.9725036179450072,fold10
0.17138599105812222,0.9725036179450072,fold10
0.17138599105812222,0.9739507959479016,fold10
0.17585692995529062,0.9739507959479016,fold10
0.17585692995529062,0.9753979739507959,fold10
0.17883755588673622,0.9753979739507959,fold10
0.17883755588673622,0.9768451519536904,fold10
0.18330849478390465,0.9768451519536904,fold10
0.18330849478390465,0.9782923299565848,fold10
0.20119225037257826,0.9782923299565848,fold10
0.20119225037257826,0.9797395079594792,fold10
0.21609538002980627,0.9797395079594792,fold10
0.21609538002980627,0.9811866859623734,fold10
0.2459016393442623,0.9811866859623734,fold10
0.2459016393442623,0.9826338639652678,fold10
0.2727272727272727,0.9826338639652678,fold10
0.2727272727272727,0.9855282199710564,fold10
0.3293591654247392,0.9855282199710564,fold10
0.3293591654247392,0.9869753979739508,fold10
0.34575260804769004,0.9869753979739508,fold10
0.34575260804769004,0.9884225759768452,fold10
0.3502235469448584,0.9884225759768452,fold10
0.3502235469448584,0.9898697539797396,fold10
0.368107302533532,0.9898697539797396,fold10
0.368107302533532,0.9913169319826338,fold10
0.3695976154992549,0.9913169319826338,fold10
0.3695976154992549,0.9927641099855282,fold10
0.3725782414307005,0.9927641099855282,fold10
0.3725782414307005,0.9942112879884226,fold10
0.3979135618479881,0.9942112879884226,fold10
0.3979135618479881,0.9956584659913168,fold10
0.5096870342771982,0.9956584659913168,fold10
0.5096870342771982,0.9985528219971056,fold10
0.7883755588673621,0.9985528219971056,fold10
0.7883755588673621,1.0,fold10
1.0,1.0,fold10
